<?xml version="1.0" encoding="UTF-8"?>

<mule xmlns:json="http://www.mulesoft.org/schema/mule/json" xmlns:tracking="http://www.mulesoft.org/schema/mule/ee/tracking" xmlns:scripting="http://www.mulesoft.org/schema/mule/scripting" xmlns:debugger="http://www.mulesoft.org/schema/mule/debugger" xmlns:data-mapper="http://www.mulesoft.org/schema/mule/ee/data-mapper" xmlns:core="http://www.mulesoft.org/schema/mule/core" xmlns:context="http://www.springframework.org/schema/context" xmlns:jira="http://www.mulesoft.org/schema/mule/jira" xmlns:http="http://www.mulesoft.org/schema/mule/http" xmlns="http://www.mulesoft.org/schema/mule/core" xmlns:doc="http://www.mulesoft.org/schema/mule/documentation" xmlns:spring="http://www.springframework.org/schema/beans" version="EE-3.4.0" xmlns:xsi="http://www.w3.org/2001/XMLSchema-instance" xsi:schemaLocation="
http://www.mulesoft.org/schema/mule/json http://www.mulesoft.org/schema/mule/json/current/mule-json.xsd 
http://www.mulesoft.org/schema/mule/http http://www.mulesoft.org/schema/mule/http/current/mule-http.xsd 
http://www.mulesoft.org/schema/mule/ee/tracking http://www.mulesoft.org/schema/mule/ee/tracking/current/mule-tracking-ee.xsd 
http://www.mulesoft.org/schema/mule/jira http://www.mulesoft.org/schema/mule/jira/2.0/mule-jira.xsd 
http://www.springframework.org/schema/beans http://www.springframework.org/schema/beans/spring-beans-current.xsd 
http://www.mulesoft.org/schema/mule/core http://www.mulesoft.org/schema/mule/core/current/mule.xsd 
http://www.mulesoft.org/schema/mule/scripting http://www.mulesoft.org/schema/mule/scripting/current/mule-scripting.xsd 
http://www.mulesoft.org/schema/mule/debugger http://www.mulesoft.org/schema/mule/debugger/current/mule-debugger.xsd 
http://www.mulesoft.org/schema/mule/ee/data-mapper http://www.mulesoft.org/schema/mule/ee/data-mapper/current/mule-data-mapper.xsd ">
    <jira:config name="Jira" connectionUser="${jira.user}" connectionPassword="${jira.password}" connectionAddress="${jira.connectionAddres}" doc:name="Jira"/>
    <context:property-placeholder location="mule.properties"/>
    <flow name="Execute" doc:name="Execute">
        <http:inbound-endpoint exchange-pattern="request-response" host="localhost" port="8081" path="execute" doc:name="HTTP"/>
        <flow-ref name="GetServerInfo" doc:name="Execute Flow"/>
    </flow>
    <flow name="CreateIssue" doc:name="CreateIssue">
        <jira:create-issue config-ref="Jira" priority="1" summary="Test" project="${jira.project}" type="1" doc:name="Create Issue"/>
        <json:object-to-json-transformer doc:name="Object to JSON"/>
    </flow>
    <flow name="UpdateIssue" doc:name="UpdateIssue">
        <jira:update-issue config-ref="Jira" issueKey="SANJIRA-82" doc:name="Update Issue">
            <jira:fields >
                <jira:field key="priority">3</jira:field>
            </jira:fields>
        </jira:update-issue>
        <json:object-to-json-transformer doc:name="Object to JSON"/>
    </flow>
    <flow name="DeleteIssue" doc:name="DeleteIssue">
        <jira:delete-issue config-ref="Jira" issueKey="SANJIRA-82" doc:name="Delete Issue"/>
        <json:object-to-json-transformer doc:name="Object to JSON"/>
    </flow>
    <flow name="AddComment" doc:name="AddComment">
        <jira:add-comment config-ref="Jira" commentAuthor="Andres" commentBody="Testing comments" issueKey="SANJIRA-82" doc:name="Add Comment"/>
        <json:object-to-json-transformer doc:name="Object to JSON"/>
    </flow>
    <flow name="GetIssue" doc:name="GetIssue">
        <jira:get-issue config-ref="Jira" issueKey="SANJIRA-82" doc:name="Get Issue"/>
        <json:object-to-json-transformer doc:name="Object to JSON"/>
    </flow>
    <flow name="GetServerInfo" doc:name="GetServerInfo">
        <jira:get-server-info config-ref="Jira" doc:name="Get Server Info"/>
        <json:object-to-json-transformer doc:name="Object to JSON"/>
    </flow>
</mule>
